webdev-static-assets/emadalddine-behance/bahaa/11f546212641103.6738797cb0e7f.jpeg	/manus-storage/11f546212641103.6738797cb0e7f_93ed645f.jpeg
webdev-static-assets/emadalddine-behance/bahaa/174b89212641103.6738797cab9fa.jpeg	/manus-storage/174b89212641103.6738797cab9fa_65ac604a.jpeg
webdev-static-assets/emadalddine-behance/bahaa/255972212641103.6738797caeac8.jpeg	/manus-storage/255972212641103.6738797caeac8_02312f69.jpeg
webdev-static-assets/emadalddine-behance/bahaa/653766212641103.6738797cafc10.jpeg	/manus-storage/653766212641103.6738797cafc10_a828e84a.jpeg
webdev-static-assets/emadalddine-behance/bakeli/9a21ef159472965.639f7bab2c17b.jpg	/manus-storage/9a21ef159472965.639f7bab2c17b_06a8ccf4.jpg
webdev-static-assets/emadalddine-behance/bakeli/b8c65f159472965.639f7bab295b5.jpg	/manus-storage/b8c65f159472965.639f7bab295b5_7ee1626c.jpg
webdev-static-assets/emadalddine-behance/bakeli/c1e881159472965.639f7bab2ab97.jpg	/manus-storage/c1e881159472965.639f7bab2ab97_08d05ed7.jpg
webdev-static-assets/emadalddine-behance/bakeli/eb56fa159472965.639f7bab2d760.jpg	/manus-storage/eb56fa159472965.639f7bab2d760_9458955b.jpg
webdev-static-assets/emadalddine-behance/balsam/0b21ed156295027.636447c7d6063.jpg	/manus-storage/0b21ed156295027.636447c7d6063_b33c2e3e.jpg
webdev-static-assets/emadalddine-behance/balsam/1afd64156295027.636447c7dae26.jpg	/manus-storage/1afd64156295027.636447c7dae26_854bd45c.jpg
webdev-static-assets/emadalddine-behance/balsam/2c4b41156295027.636447c7d1a9a.jpg	/manus-storage/2c4b41156295027.636447c7d1a9a_b2c3a395.jpg
webdev-static-assets/emadalddine-behance/balsam/2eb451156295027.636447c7da013.jpg	/manus-storage/2eb451156295027.636447c7da013_a05557d9.jpg
webdev-static-assets/emadalddine-behance/ekleel/05070c210092607.670b6931a7ce1.jpg	/manus-storage/05070c210092607.670b6931a7ce1_f87bf103.jpg
webdev-static-assets/emadalddine-behance/ekleel/0bbb6f210092607.670b6931a6122.jpg	/manus-storage/0bbb6f210092607.670b6931a6122_0ba9dbaa.jpg
webdev-static-assets/emadalddine-behance/ekleel/1e3a4b210092607.670b6931a81af.jpg	/manus-storage/1e3a4b210092607.670b6931a81af_32c611f0.jpg
webdev-static-assets/emadalddine-behance/ekleel/1e67d3210092607.670b6931a77b3.jpg	/manus-storage/1e67d3210092607.670b6931a77b3_ace60b0e.jpg
webdev-static-assets/emadalddine-behance/era/016b9a240072049.693708b939731.jpeg	/manus-storage/016b9a240072049.693708b939731_7a70f84e.jpeg
webdev-static-assets/emadalddine-behance/era/06551d240072049.693708b93fbdf.jpeg	/manus-storage/06551d240072049.693708b93fbdf_50482b65.jpeg
webdev-static-assets/emadalddine-behance/era/1a586b240072049.693708b939f0e.jpeg	/manus-storage/1a586b240072049.693708b939f0e_4e278414.jpeg
webdev-static-assets/emadalddine-behance/era/20b35c240072049.693708b93b32b.jpeg	/manus-storage/20b35c240072049.693708b93b32b_8c4e4f23.jpeg
webdev-static-assets/emadalddine-behance/jenan/03af8f154753213.6347e1e6a3468.jpg	/manus-storage/03af8f154753213.6347e1e6a3468_2f3fc650.jpg
webdev-static-assets/emadalddine-behance/jenan/1a26a5154753213.6347e1e6a23f5.jpg	/manus-storage/1a26a5154753213.6347e1e6a23f5_c3e6c7b4.jpg
webdev-static-assets/emadalddine-behance/jenan/6553a4154753213.6347e1e6a168e.jpg	/manus-storage/6553a4154753213.6347e1e6a168e_5feb4ec1.jpg
webdev-static-assets/emadalddine-behance/jenan/85fc1d154753213.6347e1e6a06f2.jpg	/manus-storage/85fc1d154753213.6347e1e6a06f2_7583ea96.jpg
webdev-static-assets/emadalddine-behance/khattabi/12df36192992769.65e4cc0a1faff.jpg	/manus-storage/12df36192992769.65e4cc0a1faff_34db79f8.jpg
webdev-static-assets/emadalddine-behance/khattabi/18f0a3192992769.65e4cc0a14309.jpg	/manus-storage/18f0a3192992769.65e4cc0a14309_59a9d46f.jpg
webdev-static-assets/emadalddine-behance/khattabi/1cad88192992769.65e4cc0a100e7.jpg	/manus-storage/1cad88192992769.65e4cc0a100e7_b4ad7478.jpg
webdev-static-assets/emadalddine-behance/khattabi/298ffc192992769.65e4cc0a1b017.jpg	/manus-storage/298ffc192992769.65e4cc0a1b017_8f667c5b.jpg
