era	https://mir-s3-cdn-cf.behance.net/project_modules/1400_webp/016b9a240072049.693708b939731.jpeg
era	https://mir-s3-cdn-cf.behance.net/project_modules/1400_webp/06551d240072049.693708b93fbdf.jpeg
era	https://mir-s3-cdn-cf.behance.net/project_modules/1400_webp/1a586b240072049.693708b939f0e.jpeg
era	https://mir-s3-cdn-cf.behance.net/project_modules/1400_webp/20b35c240072049.693708b93b32b.jpeg
era	https://mir-s3-cdn-cf.behance.net/project_modules/1400_webp/38db70240072049.693708b940cd4.jpeg
era	https://mir-s3-cdn-cf.behance.net/project_modules/1400_webp/3c0a06240072049.693708b937c32.jpeg
era	https://mir-s3-cdn-cf.behance.net/project_modules/1400_webp/4697e9240072049.693708b9366d7.jpeg
era	https://mir-s3-cdn-cf.behance.net/project_modules/1400_webp/687e6c240072049.693708b93d864.jpeg
era	https://mir-s3-cdn-cf.behance.net/project_modules/1400_webp/6a3f53240072049.693708b93e682.jpeg
era	https://mir-s3-cdn-cf.behance.net/project_modules/1400_webp/83cc90240072049.693708b9371c6.jpeg
era	https://mir-s3-cdn-cf.behance.net/project_modules/1400_webp/8ba312240072049.693708b938698.jpeg
era	https://mir-s3-cdn-cf.behance.net/project_modules/1400_webp/940a0b240072049.693708b93aa38.jpeg
era	https://mir-s3-cdn-cf.behance.net/project_modules/1400_webp/962740240072049.693708b938f2f.jpeg
era	https://mir-s3-cdn-cf.behance.net/project_modules/1400_webp/a08099240072049.693708b93c7f9.jpeg
era	https://mir-s3-cdn-cf.behance.net/project_modules/1400_webp/ad2ce0240072049.693708b93bc2a.jpeg
era	https://mir-s3-cdn-cf.behance.net/project_modules/1400_webp/e89db4240072049.693708b9417c6.jpeg
era	https://mir-s3-cdn-cf.behance.net/project_modules/1400_webp/f2e2e5240072049.693708b93f2ff.jpeg
era	https://mir-s3-cdn-cf.behance.net/project_modules/1400_webp/f7914f240072049.693708b940493.jpeg
era	https://mir-s3-cdn-cf.behance.net/project_modules/1400_webp/f9f2ca240072049.693708b941fe1.jpeg
jenan	https://mir-s3-cdn-cf.behance.net/project_modules/1400_webp/03af8f154753213.6347e1e6a3468.jpg
jenan	https://mir-s3-cdn-cf.behance.net/project_modules/1400_webp/1a26a5154753213.6347e1e6a23f5.jpg
jenan	https://mir-s3-cdn-cf.behance.net/project_modules/1400_webp/6553a4154753213.6347e1e6a168e.jpg
jenan	https://mir-s3-cdn-cf.behance.net/project_modules/1400_webp/85fc1d154753213.6347e1e6a06f2.jpg
jenan	https://mir-s3-cdn-cf.behance.net/project_modules/1400_webp/9529b2154753213.6347e1e6a48b6.jpg
jenan	https://mir-s3-cdn-cf.behance.net/project_modules/1400_webp/c0ad6e154753213.6347e1e61a22a.jpg
jenan	https://mir-s3-cdn-cf.behance.net/project_modules/1400_webp/d72b7a154753213.6347e1e6193e8.jpg
ekleel	https://mir-s3-cdn-cf.behance.net/project_modules/1400_webp/05070c210092607.670b6931a7ce1.jpg
ekleel	https://mir-s3-cdn-cf.behance.net/project_modules/1400_webp/0bbb6f210092607.670b6931a6122.jpg
ekleel	https://mir-s3-cdn-cf.behance.net/project_modules/1400_webp/1e3a4b210092607.670b6931a81af.jpg
ekleel	https://mir-s3-cdn-cf.behance.net/project_modules/1400_webp/1e67d3210092607.670b6931a77b3.jpg
ekleel	https://mir-s3-cdn-cf.behance.net/project_modules/1400_webp/224ddc210092607.670b6931a6b5a.jpg
ekleel	https://mir-s3-cdn-cf.behance.net/project_modules/1400_webp/25bb28210092607.670b6931a332c.jpg
ekleel	https://mir-s3-cdn-cf.behance.net/project_modules/1400_webp/2da203210092607.670b6931a4d5c.jpg
ekleel	https://mir-s3-cdn-cf.behance.net/project_modules/1400_webp/396594210092607.670b6931a2e1a.jpg
ekleel	https://mir-s3-cdn-cf.behance.net/project_modules/1400_webp/5cd995210092607.670b6931a4849.jpg
ekleel	https://mir-s3-cdn-cf.behance.net/project_modules/1400_webp/5f575d210092607.670b6931a662d.jpg
ekleel	https://mir-s3-cdn-cf.behance.net/project_modules/1400_webp/659afd210092607.670b6931a40e7.jpg
ekleel	https://mir-s3-cdn-cf.behance.net/project_modules/1400_webp/74b3df210092607.670b6931a3c15.jpg
ekleel	https://mir-s3-cdn-cf.behance.net/project_modules/1400_webp/ca0a3a210092607.670b6931a5c58.jpg
ekleel	https://mir-s3-cdn-cf.behance.net/project_modules/1400_webp/da11cd210092607.670b6931a523f.jpg
ekleel	https://mir-s3-cdn-cf.behance.net/project_modules/1400_webp/df9639210092607.670b6931a72a7.jpg
ekleel	https://mir-s3-cdn-cf.behance.net/project_modules/1400_webp/f067fb210092607.670b6931a5743.jpg
khattabi	https://mir-s3-cdn-cf.behance.net/project_modules/1400_webp/12df36192992769.65e4cc0a1faff.jpg
khattabi	https://mir-s3-cdn-cf.behance.net/project_modules/1400_webp/18f0a3192992769.65e4cc0a14309.jpg
khattabi	https://mir-s3-cdn-cf.behance.net/project_modules/1400_webp/1cad88192992769.65e4cc0a100e7.jpg
khattabi	https://mir-s3-cdn-cf.behance.net/project_modules/1400_webp/298ffc192992769.65e4cc0a1b017.jpg
khattabi	https://mir-s3-cdn-cf.behance.net/project_modules/1400_webp/31f789192992769.65e4cc0a16e9d.jpg
khattabi	https://mir-s3-cdn-cf.behance.net/project_modules/1400_webp/44a80e192992769.65e4cc0a0c13c.jpg
khattabi	https://mir-s3-cdn-cf.behance.net/project_modules/1400_webp/475538192992769.65e4cc0a09125.jpg
khattabi	https://mir-s3-cdn-cf.behance.net/project_modules/1400_webp/545ece192992769.65e4cc0a1a51b.jpg
khattabi	https://mir-s3-cdn-cf.behance.net/project_modules/1400_webp/5824d9192992769.65e4cc0a1ed47.jpg
khattabi	https://mir-s3-cdn-cf.behance.net/project_modules/1400_webp/6109cd192992769.65e4cc0a179c8.jpg
khattabi	https://mir-s3-cdn-cf.behance.net/project_modules/1400_webp/741cfd192992769.65e4cc0a0efb1.jpg
khattabi	https://mir-s3-cdn-cf.behance.net/project_modules/1400_webp/7f78d8192992769.65e4cc0a1c8ff.jpg
khattabi	https://mir-s3-cdn-cf.behance.net/project_modules/1400_webp/85bc58192992769.65e4cc0a151fe.jpg
khattabi	https://mir-s3-cdn-cf.behance.net/project_modules/1400_webp/a99fa1192992769.65e4cc0a1607d.jpg
khattabi	https://mir-s3-cdn-cf.behance.net/project_modules/1400_webp/a9ca0c192992769.65e4cc0a1bb33.jpg
khattabi	https://mir-s3-cdn-cf.behance.net/project_modules/1400_webp/aa1eab192992769.65e4cc0a0e177.jpg
khattabi	https://mir-s3-cdn-cf.behance.net/project_modules/1400_webp/b2f878192992769.65e4cc0a12d0a.jpg
khattabi	https://mir-s3-cdn-cf.behance.net/project_modules/1400_webp/b90598192992769.65e4cc0a11ec6.jpg
khattabi	https://mir-s3-cdn-cf.behance.net/project_modules/1400_webp/b9e0e1192992769.65e4cc0a0ad35.jpg
khattabi	https://mir-s3-cdn-cf.behance.net/project_modules/1400_webp/bbaaa8192992769.65e4cc0a1d738.jpg
khattabi	https://mir-s3-cdn-cf.behance.net/project_modules/1400_webp/c85fc8192992769.65e4cc0a185a0.jpg
khattabi	https://mir-s3-cdn-cf.behance.net/project_modules/1400_webp/d3cb64192992769.65e4cc0a190c0.jpg
khattabi	https://mir-s3-cdn-cf.behance.net/project_modules/1400_webp/d5afe2192992769.65e4cc0a1e251.jpg
khattabi	https://mir-s3-cdn-cf.behance.net/project_modules/1400_webp/e35aed192992769.65e4cc0a0ce66.jpg
khattabi	https://mir-s3-cdn-cf.behance.net/project_modules/1400_webp/eca483192992769.65e4cc0a09f1f.jpg
khattabi	https://mir-s3-cdn-cf.behance.net/project_modules/1400_webp/f6ac90192992769.65e4cc0a1105d.jpg
khattabi	https://mir-s3-cdn-cf.behance.net/project_modules/1400_webp/fdcbe4192992769.65e4cc0a13825.jpg
balsam	https://mir-s3-cdn-cf.behance.net/project_modules/1400_webp/0b21ed156295027.636447c7d6063.jpg
balsam	https://mir-s3-cdn-cf.behance.net/project_modules/1400_webp/1afd64156295027.636447c7dae26.jpg
balsam	https://mir-s3-cdn-cf.behance.net/project_modules/1400_webp/2c4b41156295027.636447c7d1a9a.jpg
balsam	https://mir-s3-cdn-cf.behance.net/project_modules/1400_webp/2eb451156295027.636447c7da013.jpg
balsam	https://mir-s3-cdn-cf.behance.net/project_modules/1400_webp/324db6156295027.636447c7dbc6c.jpg
balsam	https://mir-s3-cdn-cf.behance.net/project_modules/1400_webp/8a7f73156295027.636447c7d8f2e.jpg
balsam	https://mir-s3-cdn-cf.behance.net/project_modules/1400_webp/992835156295027.636447c7dc9a0.jpg
balsam	https://mir-s3-cdn-cf.behance.net/project_modules/1400_webp/99702f156295027.636447c7d2b1d.jpg
balsam	https://mir-s3-cdn-cf.behance.net/project_modules/1400_webp/a26a56156295027.636447c7d7f43.jpg
balsam	https://mir-s3-cdn-cf.behance.net/project_modules/1400_webp/b69189156295027.636447c7d6faf.jpg
balsam	https://mir-s3-cdn-cf.behance.net/project_modules/1400_webp/cfd3db156295027.636447c7d4ebc.jpg
balsam	https://mir-s3-cdn-cf.behance.net/project_modules/1400_webp/db42c9156295027.636447c7d3d39.jpg
bakeli	https://mir-s3-cdn-cf.behance.net/project_modules/1400_webp/9a21ef159472965.639f7bab2c17b.jpg
bakeli	https://mir-s3-cdn-cf.behance.net/project_modules/1400_webp/b8c65f159472965.639f7bab295b5.jpg
bakeli	https://mir-s3-cdn-cf.behance.net/project_modules/1400_webp/c1e881159472965.639f7bab2ab97.jpg
bakeli	https://mir-s3-cdn-cf.behance.net/project_modules/1400_webp/eb56fa159472965.639f7bab2d760.jpg
bahaa	https://mir-s3-cdn-cf.behance.net/project_modules/1400_webp/11f546212641103.6738797cb0e7f.jpeg
bahaa	https://mir-s3-cdn-cf.behance.net/project_modules/1400_webp/174b89212641103.6738797cab9fa.jpeg
bahaa	https://mir-s3-cdn-cf.behance.net/project_modules/1400_webp/255972212641103.6738797caeac8.jpeg
bahaa	https://mir-s3-cdn-cf.behance.net/project_modules/1400_webp/653766212641103.6738797cafc10.jpeg
bahaa	https://mir-s3-cdn-cf.behance.net/project_modules/1400_webp/6e0793212641103.6738797cb13e9.jpeg
bahaa	https://mir-s3-cdn-cf.behance.net/project_modules/1400_webp/76b3fe212641103.6738797cae182.jpeg
bahaa	https://mir-s3-cdn-cf.behance.net/project_modules/1400_webp/7fba01212641103.6738797cad501.jpeg
bahaa	https://mir-s3-cdn-cf.behance.net/project_modules/1400_webp/8c3537212641103.6738797cb08c4.jpeg
bahaa	https://mir-s3-cdn-cf.behance.net/project_modules/1400_webp/a713e4212641103.6738797caf2ad.jpeg
bahaa	https://mir-s3-cdn-cf.behance.net/project_modules/1400_webp/fbd3f3212641103.6738797cb01f3.jpeg
bahaa	https://mir-s3-cdn-cf.behance.net/project_modules/1400_webp/fc1142212641103.6738797cac76d.jpeg
